patient_id,name,surname,ward,vip,care_team
P0000,Vijay Nair,Nair,Cardiology,True,S006
P0001,Ravi Menon,Menon,General,False,S004
P0002,Nisha Reddy,Reddy,Cardiology,False,S000
P0003,Maya Kurup,Kurup,ICU,False,"S009,S012,S034"
P0004,Joby Sharma,Sharma,Paediatrics,False,"S037,S003,S011"
P0005,Joby Joseph,Joseph,Cardiology,False,S000
P0006,Ravi Reddy,Reddy,Maternity,False,"S033,S036,S009"
P0007,Nisha George,George,Paediatrics,False,"S003,S037,S011"
P0008,Tara Kurup,Kurup,ICU,False,S009
P0009,Vijay Khan,Khan,Cardiology,False,"S002,S006"
P0010,Anu Nair,Nair,ICU,False,"S034,S009"
P0011,Sanjay Das,Das,ICU,False,S009
P0012,Ravi Rao,Rao,Ortho,False,S028
P0013,Tara Varma,Varma,Cardiology,False,"S000,S013"
P0014,Leela Pillai,Pillai,Maternity,False,"S036,S033"
P0015,Ravi Mathew,Mathew,Maternity,False,S007
P0016,Sanjay Mathew,Mathew,Paediatrics,False,"S003,S037"
P0017,Kiran Reddy,Reddy,General,False,"S014,S004,S029"
P0018,Vijay Menon,Menon,ICU,False,"S009,S034,S012"
P0019,Nisha Das,Das,General,False,"S004,S029,S032"
P0020,Nisha George,George,Maternity,False,S036
P0021,Hari Joseph,Joseph,Cardiology,False,"S013,S002"
P0022,Arun Khan,Khan,Ortho,False,"S015,S028"
P0023,Rohan Rao,Rao,ICU,False,"S009,S012,S034"
P0024,Kiran Varma,Varma,ICU,False,S012
P0025,Hari Joseph,Joseph,Ortho,False,"S028,S015"
P0026,Arun Varma,Varma,Paediatrics,False,S011
P0027,Leela Varma,Varma,ICU,False,"S034,S009,S012"
P0028,Divya Joseph,Joseph,Paediatrics,False,"S011,S021"
P0029,Joby Menon,Menon,General,False,"S025,S004"
P0030,Maya Iyer,Iyer,Maternity,False,S007
P0031,Joby Khan,Khan,Paediatrics,False,"S011,S021"
P0032,Maya Menon,Menon,General,False,S004
P0033,Maya Mathew,Mathew,General,False,S025
P0034,Rohan Varma,Varma,Ortho,False,S015
P0035,Arun Joseph,Joseph,ICU,False,"S009,S034"
P0036,Kiran Reddy,Reddy,Maternity,False,"S033,S007,S036"
P0037,Nisha George,George,Cardiology,False,"S000,S002"
P0038,Arun Pillai,Pillai,Ortho,False,"S015,S028"
P0039,Leela Kurup,Kurup,Ortho,False,S028
P0040,Anu Kurup,Kurup,Ortho,True,"S028,S015"
P0041,Divya Iyer,Iyer,Paediatrics,False,S037
P0042,Nisha Joseph,Joseph,ICU,False,"S012,S034"
P0043,Divya Pillai,Pillai,ICU,False,S012
P0044,Rohan Das,Das,ICU,False,S034
P0045,Arun Thomas,Thomas,Paediatrics,False,"S037,S021"
P0046,Joby Nair,Nair,Ortho,False,"S015,S028"
P0047,Sita Das,Das,ICU,False,"S034,S009,S012"
P0048,Arun Reddy,Reddy,Paediatrics,False,"S021,S037"
P0049,Nisha Das,Das,Paediatrics,False,"S021,S037"
P0050,Joby Kurup,Kurup,Ortho,False,"S028,S015"
P0051,Hari Mathew,Mathew,Paediatrics,False,"S011,S021"
P0052,Leela Varma,Varma,Ortho,False,"S015,S028"
P0053,Tara Khan,Khan,Ortho,False,"S028,S015"
P0054,Kiran Sharma,Sharma,Paediatrics,False,S037
P0055,Nisha Thomas,Thomas,Paediatrics,False,S021
P0056,Vijay Varma,Varma,ICU,False,S034
P0057,Vijay Nair,Nair,Cardiology,False,S000
P0058,Leela Das,Das,Ortho,False,"S015,S028"
P0059,Maya Kurup,Kurup,Paediatrics,False,"S037,S011,S021"
P0060,Kiran Kurup,Kurup,Paediatrics,False,"S003,S037,S011"
P0061,Arun Rao,Rao,Paediatrics,False,"S037,S003,S021"
P0062,Nisha Joseph,Joseph,Ortho,False,S028
P0063,Kiran Rao,Rao,Ortho,False,"S028,S015"
P0064,Vijay Sharma,Sharma,Paediatrics,False,"S037,S011"
P0065,Divya Kurup,Kurup,Paediatrics,False,"S037,S021"
P0066,Divya Kurup,Kurup,Ortho,False,S028
P0067,Maya Pillai,Pillai,Maternity,False,"S036,S007"
P0068,Leela George,George,Cardiology,False,"S018,S002"
P0069,Tara Thomas,Thomas,ICU,False,"S012,S034"
P0070,Joby Reddy,Reddy,Ortho,False,S015
P0071,Anu Khan,Khan,Ortho,False,"S015,S028,S011"
P0072,Vijay Thomas,Thomas,Maternity,False,"S033,S036"
P0073,Sanjay Das,Das,Ortho,False,"S028,S011"
P0074,Kiran George,George,ICU,False,"S012,S034"
P0075,Fathima Rao,Rao,Ortho,False,S015
P0076,Joby Joseph,Joseph,General,False,"S032,S004,S029,S033"
P0077,Fathima Varma,Varma,Cardiology,False,"S002,S000"
P0078,Nisha Iyer,Iyer,Maternity,False,S033
P0079,Sita Reddy,Reddy,Ortho,False,"S028,S015"
P0080,Vijay Iyer,Iyer,Ortho,True,"S015,S009"
P0081,Anu Sharma,Sharma,Paediatrics,False,S003
P0082,Maya Nair,Nair,Cardiology,False,S031
P0083,Arun Joseph,Joseph,Cardiology,False,S013
P0084,Divya George,George,General,False,S026
P0085,Arun Mathew,Mathew,Maternity,False,S036
P0086,Hari Nair,Nair,Cardiology,False,"S000,S017"
P0087,Vijay Menon,Menon,General,False,"S026,S032,S014"
P0088,Joby Iyer,Iyer,ICU,False,"S012,S009,S034"
P0089,Nisha Joseph,Joseph,Paediatrics,False,"S003,S021"
P0090,Rohan Das,Das,ICU,False,"S012,S009"
P0091,Divya Pillai,Pillai,Paediatrics,False,"S011,S037"
P0092,Divya Reddy,Reddy,General,False,"S026,S032,S029"
P0093,Tara Varma,Varma,Maternity,False,S007
P0094,Fathima Joseph,Joseph,Cardiology,False,"S017,S031"
P0095,Nisha Reddy,Reddy,Maternity,False,"S033,S029"
P0096,Divya Sharma,Sharma,Cardiology,False,"S002,S006"
P0097,Anu Thomas,Thomas,Maternity,False,"S036,S033"
P0098,Joby Kurup,Kurup,General,False,S004
P0099,Sanjay Joseph,Joseph,Ortho,False,"S015,S028"
P0100,Vijay Varma,Varma,Ortho,False,S015
P0101,Rohan Joseph,Joseph,Ortho,False,"S015,S028"
P0102,Nisha George,George,Ortho,False,"S028,S015"
P0103,Vijay Varma,Varma,Maternity,False,"S033,S036,S007"
P0104,Kiran George,George,ICU,False,"S009,S012,S034"
P0105,Divya Khan,Khan,Cardiology,False,S018
P0106,Vijay Varma,Varma,Paediatrics,False,"S021,S003,S037"
P0107,Maya Nair,Nair,Maternity,False,S033
P0108,Hari Thomas,Thomas,Maternity,False,S007
P0109,Anu Menon,Menon,Paediatrics,False,S037
P0110,Nisha Khan,Khan,General,False,"S026,S032,S009"
P0111,Sanjay Reddy,Reddy,Cardiology,False,S006
P0112,Sita Khan,Khan,ICU,False,S012
P0113,Hari Pillai,Pillai,General,False,"S032,S004,S014"
P0114,Joby Thomas,Thomas,ICU,False,S009
P0115,Tara Khan,Khan,General,False,"S029,S014,S026"
P0116,Arun Mathew,Mathew,Maternity,False,"S033,S036,S007,S029"
P0117,Vijay Pillai,Pillai,Cardiology,False,"S002,S006,S000"
P0118,Tara Das,Das,Cardiology,False,"S000,S002,S031"
P0119,Hari Kurup,Kurup,Paediatrics,False,"S037,S011,S003"
P0120,Vijay Joseph,Joseph,Paediatrics,True,"S037,S003"
P0121,Vijay Menon,Menon,Maternity,False,"S036,S007,S033"
P0122,Maya Reddy,Reddy,Paediatrics,False,S021
P0123,Hari Sharma,Sharma,ICU,False,S009
P0124,Tara Menon,Menon,General,False,"S029,S025,S026"
P0125,Sanjay Thomas,Thomas,Paediatrics,False,"S037,S011"
P0126,Joby Rao,Rao,Ortho,False,"S015,S032"
P0127,Vijay Menon,Menon,Paediatrics,False,"S021,S003"
P0128,Ravi Mathew,Mathew,Paediatrics,False,"S003,S021,S011"
P0129,Divya Khan,Khan,Cardiology,False,"S017,S018"
P0130,Sanjay Menon,Menon,Cardiology,False,"S013,S018,S031"
P0131,Arun Joseph,Joseph,Maternity,False,"S033,S036"
P0132,Hari Khan,Khan,Cardiology,False,"S013,S018"
P0133,Nisha Menon,Menon,Paediatrics,False,"S003,S011,S009"
P0134,Anu Reddy,Reddy,Maternity,False,"S007,S033"
P0135,Rohan Kurup,Kurup,Paediatrics,False,"S037,S011,S003"
P0136,Ravi Sharma,Sharma,General,False,"S032,S026"
P0137,Hari Rao,Rao,Cardiology,False,"S017,S002"
P0138,Vijay Nair,Nair,Ortho,False,"S028,S015"
P0139,Anu Thomas,Thomas,Paediatrics,False,S021
P0140,Arun Reddy,Reddy,General,False,"S004,S014"
P0141,Hari Khan,Khan,Ortho,False,"S015,S009"
P0142,Vijay Khan,Khan,General,False,"S025,S026,S029"
P0143,Maya Kurup,Kurup,Ortho,False,"S015,S028"
P0144,Divya Rao,Rao,ICU,False,"S012,S034"
P0145,Sanjay Reddy,Reddy,ICU,False,"S034,S012"
P0146,Nisha Iyer,Iyer,Cardiology,False,"S017,S013"
P0147,Leela Reddy,Reddy,General,False,"S026,S032,S025"
P0148,Joby Kurup,Kurup,Paediatrics,False,S037
P0149,Fathima George,George,ICU,False,"S034,S012"
P0150,Maya Nair,Nair,Ortho,False,"S015,S028"
P0151,Tara Menon,Menon,General,False,"S025,S004,S026"
P0152,Sanjay Menon,Menon,ICU,False,"S009,S012,S034,S007"
P0153,Sita Joseph,Joseph,Maternity,False,"S036,S033"
P0154,Sanjay Joseph,Joseph,Maternity,False,"S036,S033,S007"
P0155,Vijay Menon,Menon,General,False,S029
P0156,Arun Das,Das,Paediatrics,False,"S021,S003,S037"
P0157,Hari George,George,Paediatrics,False,"S003,S011,S037"
P0158,Ravi Sharma,Sharma,ICU,False,S012
P0159,Vijay Pillai,Pillai,Maternity,False,"S033,S036"
P0160,Kiran Pillai,Pillai,General,True,"S029,S014"
P0161,Maya Rao,Rao,ICU,False,"S012,S009,S034"
P0162,Divya Khan,Khan,Cardiology,False,"S018,S006"
P0163,Hari Rao,Rao,Paediatrics,False,S037
P0164,Hari Iyer,Iyer,Paediatrics,False,"S011,S003,S037"
P0165,Hari Reddy,Reddy,Paediatrics,False,"S021,S011"
P0166,Vijay Menon,Menon,Cardiology,False,"S031,S013"
P0167,Hari George,George,Ortho,False,"S028,S015"
P0168,Ravi Mathew,Mathew,ICU,False,"S012,S034,S009"
P0169,Rohan Mathew,Mathew,General,False,"S026,S025,S014"
P0170,Maya Joseph,Joseph,Cardiology,False,"S002,S017,S006"
P0171,Tara Varma,Varma,Paediatrics,False,S003
P0172,Hari Rao,Rao,ICU,False,"S012,S009,S034,S007"
P0173,Rohan Pillai,Pillai,Maternity,False,"S033,S007,S036"
P0174,Sanjay Rao,Rao,General,False,"S025,S014,S032"
P0175,Maya Menon,Menon,Maternity,False,"S033,S007,S036"
P0176,Rohan Reddy,Reddy,Cardiology,False,"S018,S031,S013"
P0177,Arun Thomas,Thomas,ICU,False,"S009,S012"
P0178,Rohan Reddy,Reddy,Ortho,False,"S028,S015"
P0179,Nisha Mathew,Mathew,ICU,False,"S009,S012,S034"
P0180,Tara Menon,Menon,General,False,S032
P0181,Ravi Pillai,Pillai,Paediatrics,False,"S037,S003"
P0182,Vijay Menon,Menon,ICU,False,"S012,S009"
P0183,Rohan Khan,Khan,General,False,S026
P0184,Joby Rao,Rao,Paediatrics,False,"S037,S021,S003"
P0185,Joby Mathew,Mathew,Paediatrics,False,S037
P0186,Leela Iyer,Iyer,Maternity,False,S036
P0187,Rohan Menon,Menon,Ortho,False,"S015,S028,S007"
P0188,Leela Varma,Varma,General,False,"S025,S004,S026"
P0189,Anu Joseph,Joseph,ICU,False,"S009,S034"
P0190,Leela Sharma,Sharma,ICU,False,"S009,S034"
P0191,Maya Iyer,Iyer,ICU,False,"S009,S034,S012"
P0192,Maya Reddy,Reddy,General,False,S025
P0193,Anu Joseph,Joseph,Cardiology,False,"S006,S002,S000"
P0194,Vijay Sharma,Sharma,Cardiology,False,S006
P0195,Ravi Varma,Varma,General,False,"S004,S014"
P0196,Sita George,George,Cardiology,False,"S013,S017,S000"
P0197,Vijay Khan,Khan,Ortho,False,"S028,S015,S029"
P0198,Hari Sharma,Sharma,General,False,S032
P0199,Fathima Khan,Khan,Ortho,False,"S015,S028"
