staff_id,name,surname,role,ward,shift_type,home_device,home_loc
S000,Divya Nair,Nair,nurse,Cardiology,day,WS-242,Hospital-LAN
S001,Sita Joseph,Joseph,billing,Admin,day,WS-704,Hospital-LAN
S002,Sita Nair,Nair,nurse,Cardiology,day,WS-617,Hospital-LAN
S003,Leela Thomas,Thomas,nurse,Paediatrics,night,WS-818,Hospital-LAN
S004,Tara Kurup,Kurup,nurse,General,day,WS-928,Hospital-LAN
S005,Kiran Sharma,Sharma,receptionist,Admin,day,WS-814,Hospital-LAN
S006,Maya Varma,Varma,nurse,Cardiology,day,WS-204,Hospital-LAN
S007,Rohan Menon,Menon,doctor,Maternity,night,WS-370,Hospital-LAN
S008,Tara George,George,billing,Admin,day,WS-649,Hospital-LAN
S009,Fathima Rao,Rao,doctor,ICU,night,WS-400,Hospital-LAN
S010,Rohan Mathew,Mathew,billing,Admin,day,WS-691,Hospital-LAN
S011,Ravi Menon,Menon,doctor,Paediatrics,day,WS-891,Hospital-LAN
S012,Vijay Menon,Menon,nurse,ICU,day,WS-384,Hospital-LAN
S013,Rohan Reddy,Reddy,nurse,Cardiology,day,WS-463,Hospital-LAN
S014,Sita Varma,Varma,nurse,General,night,WS-275,Hospital-LAN
S015,Kiran Kurup,Kurup,nurse,Ortho,day,WS-376,Hospital-LAN
S016,Vijay Joseph,Joseph,receptionist,Admin,day,WS-801,Hospital-LAN
S017,Ravi Sharma,Sharma,nurse,Cardiology,day,WS-924,Hospital-LAN
S018,Sita Varma,Varma,nurse,Cardiology,night,WS-997,Hospital-LAN
S019,Sanjay Kurup,Kurup,billing,Admin,day,WS-505,Hospital-LAN
S020,Tara Joseph,Joseph,receptionist,Admin,day,WS-246,Hospital-LAN
S021,Divya Kurup,Kurup,nurse,Paediatrics,night,WS-538,Hospital-LAN
S022,Rohan Das,Das,receptionist,Admin,day,WS-324,Hospital-LAN
S023,Sanjay Pillai,Pillai,receptionist,Admin,day,WS-193,Hospital-LAN
S024,Arun Reddy,Reddy,billing,Admin,day,WS-256,Hospital-LAN
S025,Joby Sharma,Sharma,nurse,General,day,WS-494,Hospital-LAN
S026,Divya Khan,Khan,nurse,General,day,WS-796,Hospital-LAN
S027,Divya Joseph,Joseph,billing,Admin,day,WS-887,Hospital-LAN
S028,Hari Menon,Menon,nurse,Ortho,day,WS-564,Hospital-LAN
S029,Divya George,George,doctor,General,day,WS-619,Hospital-LAN
S030,Hari Reddy,Reddy,receptionist,Admin,day,WS-961,Hospital-LAN
S031,Leela Mathew,Mathew,nurse,Cardiology,day,WS-880,Hospital-LAN
S032,Anu Sharma,Sharma,doctor,General,day,WS-600,Hospital-LAN
S033,Rohan Rao,Rao,doctor,Maternity,day,WS-159,Hospital-LAN
S034,Sita Mathew,Mathew,nurse,ICU,night,WS-597,Hospital-LAN
S035,Maya Sharma,Sharma,billing,Admin,day,WS-231,Hospital-LAN
S036,Kiran Thomas,Thomas,nurse,Maternity,night,WS-993,Hospital-LAN
S037,Leela Kurup,Kurup,nurse,Paediatrics,day,WS-508,Hospital-LAN
S038,Rohan Joseph,Joseph,receptionist,Admin,day,WS-548,Hospital-LAN
S039,Arun Khan,Khan,receptionist,Admin,day,WS-353,Hospital-LAN
